,title,overview
0,28 Days Later,"Twenty-eight days after a killer virus was accidentally unleashed from a British research facility, a small group of London survivors are caught in a desperate struggle to protect themselves from the infected. Carried by animals and humans, the virus turns those it infects into homicidal maniacs -- and it's absolutely impossible to contain."
1,300,"Based on Frank Miller's graphic novel, ""300"" is very loosely based the 480 B.C. Battle of Thermopylae, where the King of Sparta led his army against the advancing Persians; the battle is said to have inspired all of Greece to band together against the Persians, and helped usher in the world's first democracy."
2,7 Virgins,Tano is 16-years-old and is already sitting in jail. In 48 hours he’s a free man and off to the wedding of his brother. In the two days he recounts his neighborhood in a section of Sevilla.
3,8 Women,"Eight women gather to celebrate Christmas in a snowbound cottage, only to find the family patriarch dead with a knife in his back. Trapped in the house, every woman becomes a suspect, each having her own motive and secret."
4,88 Minutes,"""88 Minutes"" focuses on a college professor (Pacino) who moonlights as a forensic psychiatrist for the FBI and receives a death threat claiming he has only 88 minutes to live."
5,A Bridge Too Far,Tells the story of operation Market Garden. A failed attempt by the allies in the latter stages of WWII to end the war quickly by securing three bridges in Holland allowing access over the Rhine into Germany. A combination of poor allied intelligence and the presence of two crack German panzer divisions meant that the final part of this operation (the bridge in Arnhem over the Rhine) was doomed to failure.
6,A Close Shave,"Wallace falls in love with wool-shop owner Wendolene, not suspecting that she (or rather, her dog) is at the head of a fiendish sheep-rustling plot. Gromit is set up and jailed, but his new-found sheepish friend is determine to give Wallace a helping hand in finding out the real truth."
7,A Kiss Before Dying,"Bud Corliss (Wagner) is an ambitious student who is wooing Dorothy Kingship (Woodward) purely for her father's mining fortune. When he discovers that Dorothy is pregnant with his child, he realizes she is quite likely to be disinherited by her wealthy family. He assures Dorothy that he'll take care of her, yet he hesitates when Dorothy insists on marrying. Bud then murders Dorothy and stages it in a way that it appears to be a suicide. He then reaches out to her sister Ellen (Leith) with the hopes of marrying her in order to ingratiate himself with her father. After a couple of months Ellen finds evidence to question the suicide verdict, and then discovers Bud knew Dorothy. Ellen struggles to avenge her sister and save her own life."
8,A Perfect Murder,"Millionaire industrialist Steven Taylor is a man who has everything but what he craves most: the love and fidelity of his wife. A hugely successful player in the New York financial world, he considers her to be his most treasured acquisition. But she needs more than simply the role of dazzling accessory."
9,A Tale of Two Cities,"The exciting story of Dr. Manette, who escapes the horrors of the infamous Bastille prison in Paris. The action switches between London and Paris on the eve of the revolution where we witness 'the best of times and the worst of times' - love, hope, the uncaring French Aristocrats and the terror of a revolutionary citizen's army intent on exacting revenge."
10,"A Woman, a Gun and a Noodle Shop","Wang is a gloomy, cunning and avaricious noodle shop owner in a desert town in China. His neglected, sharp-tongued wife is involved in a secret affair with Li, one of Wang’s employees. A timid man, Li reluctantly keeps the gun his lover has bought to kill her husband. But Wang is watching their every move. He bribes patrol officer Zhang to murder the illicit couple. It seems like a perfect plan: the affair will come to a cruel, bloody but satisfying end… or so he thinks. The equally wicked Zhang has an agenda of his own. As the plot twists, more blood will flow, and ever greater violence will erupt…"
11,Addicted to Love,"Good-natured astronomer Sam is devastated when the love of his life, Linda, leaves him for a suave Frenchman named Anton. He therefore does what every other normal dumpee would do; go to New York and set up home in the abandoned building opposite his ex-girlfriend's apartment, intent on winning her back and waiting until she decides to leave her current lover."
12,Adventures of Zatôichi,"Blind swordsman/masseuse Zatoichi befriends a young woman looking for her father, a village leader who has disappeared. As he helps her investigate the disappearance, Zatoichi also becomes involved with another young woman who is trying to help her brother, who has murdered someone at about the same time and place as the missing man was last seen."
13,Ali: Fear Eats the Soul,"A simple, delicate, melodramatic German film about a loneliness. With a double moral story about the tainted love between an old woman and a younger Moroccan immigrant worker."
14,Alien,"During its return to the earth, commercial spaceship Nostromo intercepts a distress signal from a distant planet. When a three-member team of the crew discovers a chamber containing thousands of eggs on the planet, a creature inside one of the eggs attacks an explorer. The entire crew is unaware of the impending nightmare set to descend upon them when the alien parasite planted inside its unfortunate host is birthed."
15,American Beauty,"Lester Burnham, a depressed suburban father in a mid-life crisis, decides to turn his hectic life around after developing an infatuation with his daughter's attractive friend."
16,American Graffiti,A couple of high school graduates spend one final night cruising the strip with their buddies before they go off to college.
17,American Pie 2,"The whole gang are back and as close as ever. They decide to get even closer by spending the summer together at a beach house. They decide to hold the biggest party ever to be seen, even if the preparation doesn't always go to plan. Especially when Stifler, Finch and Jim become more close to each other than they ever want to be and when Jim mistakes super glue for lubricant..."
18,"Amigo, Stay Away","When Ben Bellow is released from prison, Charlie Logan is there waiting for him. Not to welcome him, but to tell him that he does not want to hear from him again. But his wish won't be granted as the the two men constantly forced to reconnect while still hating each other's guts..."
19,Amélie,"At a tiny Parisian café, the adorable yet painfully shy Amélie (Audrey Tautou) accidentally discovers a gift for helping others. Soon Amelie is spending her days as a matchmaker, guardian angel, and all-around do-gooder. But when she bumps into a handsome stranger, will she find the courage to become the star of her very own love story?"
20,An Unfinished Life,"Stoic and heartbroken, Einar Gilkyson quietly lives in the rugged Wyoming ranchlands alongside his only trusted friend, Mitch Bradley. Then, suddenly, the woman he blames for the death of his only son arrives at his door broke, desperate, and with a granddaughter he's never known. But even as buried anger and accusations resurface, the way is opened for unexpected connection, adventure, and forgiveness."
21,Annaluise & Anton,Pünktchen und Anton is the 1999 German film based on the classic children’s novels by Erich Kastner and assimilated to modern times.
22,Anybody's Son Will Do,"All soldiers belong to the same profession, no matter what country they serve, and it makes them different from everybody else. They have to be different, for their job is ultimately about killing and dying, and those things are not a natural vocation for any human being. Yet all soldiers are born civilians. The method for turning young men into soldiers-people who kill other people and expose themselves to death-is basic training."
23,Ask the Dust,"Mexican beauty Camilla hopes to rise above her station by marrying a wealthy American. That is complicated by meeting Arturo Bandini, a first-generation Italian hoping to land a writing career and a blue-eyed blonde on his arm."
24,Back to the Future,"Eighties teenager Marty McFly is accidentally sent back in time to 1955, inadvertently disrupting his parents' first meeting and attracting his mother's romantic interest. Marty must repair the damage to history by rekindling his parents' romance and - with the help of his eccentric inventor friend Doc Brown - return to 1985."
25,Bad Education,"Two children, Ignacio and Enrique, know love, the movies and fear in a religious school at the beginning of the 1960s. Father Manolo, director of the school and its professor of literature, is witness to and part of these discoveries. The three are followed through the next few decades, their reunion marking life and death."
26,Batman Begins,"Driven by tragedy, billionaire Bruce Wayne dedicates his life to uncovering and defeating the corruption that plagues his home, Gotham City.  Unable to work within the system, he instead creates a new identity, a symbol of fear for the criminal underworld - The Batman."
27,Beat,"This movie follows the story of three friends in Korea, all three of whom drop out of school. The main character is Min, a tough guy whose widowed mother is a drunk. The story traces his journey from high school to the underworld as one of his friends introduces him to life in the mob. Complicating Min's life further is his romance with Romi, a girl from an upper-class family with dreams of going to a prestigious college."
28,Because I Said So,"In an effort to prevent family history from repeating itself, meddlesome mom Daphne Wilder attempts to set up her youngest daughter, Milly, with Mr. Right. Meanwhile, her other daughters try to keep their mom's good intentions under control."
29,Ben X,"Harassed by bullies because of his mild autism, teen Ben (Greg Timmermans) finds refuge in an online computer game, which leads him to his virtual dream girl, Scarlite (Laura Verlinden). Together, the odd couple seeks revenge against Ben's tormentors. Director Nic Balthazar's beguiling mix of kitchen-sink drama and full-blown fantasy was Belgium's Oscar submission for Best Foreign Language Film."
30,Berlin: Symphony of a Great City,Berlin is Walter Ruttmanns black and white documentary of Berlin in 1927. The big city symphony shows a day in the life of metropolitan Berlin. Showing the industrial uprising as well as the lives and working circumstances of the time.
31,Best Worst Movie,"A look at the making of the film Troll 2 (1990) and its journey from being crowned the ""worst film of all time"" to a cherished cult classic."
32,Beverly Hills Cop III,"Back in sunny southern California and on the trail of two murderers, Axel Foley again teams up with LA cop Billy Rosewood. Soon, they discover that an amusement park is being used as a front for a massive counterfeiting ring – and it's run by the same gang that shot Billy's boss."
33,Big Bad Mama,"Mama and daughters get forced by circumstances into bootlegging and bank robbing, and travel across the country trailed by the law."
34,Big Girls Don't Cry... They Get Even,"A girl fed up with her quirky, dysfunctional family runs away from home, causing all of them to spend time with each other."
35,Birdman of Alcatraz,"After killing a prison guard, convict Robert Stroud faces life imprisonment in solitary confinement. Driven nearly mad by loneliness and despair, Stroud's life gains new meaning when he happens upon a helpless baby sparrow in the exercise yard and nurses it back to health. Despite having only a third grade education, Stroud goes on to become a renowned ornithologist and achieves a greater sense of freedom and purpose behind bars than most people find in the outside world."
36,Black Rain,"Two New York cops get involved in a gang war between members of the Yakuza, the Japanese Mafia. They arrest one of their killers and are ordered to escort him back to Japan. In Japan, however, he manages to escape. As they try to track him down, they get deeper and deeper into the Japanese Mafia scene and they have to learn that they can only win by playing the game the Japanese way."
37,Bonnie and Clyde,Bonnie and Clyde is based on the true stories of the gangster pair Bonnie Parker and Clyde Barrow who in the 1930s began robbing banks in U.S. cities until they were eventually killed. The film is a major landmark in the aesthetic movement known as the New Hollywood.
38,Brake,A Secret Service Agent is held captive in the trunk of a car and endures high-speed mental and physical torture as terrorists attempt to extract needed information for their sinister plot.
39,Breaking and Entering,"Set in a blighted, inner-city neighbourhood of London, Breaking and Entering examines an affair which unfolds between a successful British landscape architect and Amira, a Bosnian woman – the mother of a troubled teen son – who was widowed by the war in Bosnia and Herzegovina."
40,Broken Flowers,"As the devoutly single Don Johnston is dumped by his latest girlfriend, he receives an anonymous pink letter informing him that he has a son who may be looking for him."
41,Brothers,"A Danish officer, Michael (Thomsen), is sent away to the International Security Assistance Force operation in Afghanistan for three months. His first mission there is to find a young radar technician who had been separated from his squad some days earlier. While on the search, his helicopter is shot down and he is taken as a prisoner of war, but is reported dead to the family."
42,Bullitt,"Senator Walter Chalmers is aiming to take down mob boss Pete Ross with the help of testimony from the criminal's hothead brother Johnny, who is in protective custody in San Francisco under the watch of police lieutenant Frank Bullitt. When a pair of mob hitmen enter the scene, Bullitt follows their trail through a maze of complications and double-crosses. This thriller includes one of the most famous car chases ever filmed."
43,Caesar Must Die,"Winner of the Golden Bear at the 2012 Berlin Film Festival, Caesar Must Die (Cesare Deve Morire), the scripted documentary shows inmates at a prison in Rome rehearsing for a performance of Shakespeare's Julius Caesar."
44,Carry On Doctor,"Francis Bigger, a notorious charlatan who tours the country lecturing on the subject of mind over matter, slips off the platform in the middle of his performance and ends up in hospital under the care of Dr Tinkle. The hospital is about to enter a period of total chaos. The regular Carry On team is joined by Frankie Howerd as the fraudulent Francis in this 'bed-panorama of hospital life'."
45,Casino,The life of the gambling paradise – Las Vegas – and its dark mafia underbelly.
46,Cat on a Hot Tin Roof,"Brick, an alcoholic ex-football player, drinks his days away and resists the affections of his wife, Maggie. His reunion with his father, Big Daddy, who is dying of cancer, jogs a host of memories and revelations for both father and son."
47,"Clean, Shaven","Peter Winter is a young schizophrenic who is desperately trying to get his daughter back from her adoptive family. He attempts to function in a world that, for him, is filled with strange voices, electrical noise, disconcerting images, and jarringly sudden emotional shifts. During his quest, he runs afoul of the law and an ongoing murder investigation."
48,Cleopatra Jones and the Casino of Gold,"When fellow operatives (and childhood friends) Matthew Johnson and Melvin Johnson disappear during an undercover mission in Hong Kong, Cleopatra Jones travels there to find them. With the help of local detective Mi Ling, Cleopatra discovers that her friends' disappearance has to do with The Dragon Lady, a much-feared blonde ""lipstick lesbian"" who runs a Macao casino and controls a major chunk of the local drug trade."
49,Closer,"A witty, romantic, and very dangerous love story about chance meetings, instant attractions, and casual betrayals. Two couples disintegrate when they begin destructive adulterous affairs with each other."
50,Cold Mountain,"In this classic story of love and devotion set against the backdrop of the American Civil War, a wounded Confederate soldier named W.P. Inman deserts his unit and travels across the South, aiming to return to his young wife, Ada, who he left behind to tend their farm. As Inman makes his perilous journey home, Ada struggles to keep their home intact with the assistance of Ruby, a mysterious drifter sent to help her by a kindly neighbor."
51,Color of Night,"When New York psychiatrist Bill Capa visits Los Angeles to take over his murdered colleague's therapy group, he finds himself embroiled in the thick of a mystery when he bumps into Rose and begins a torrid affair."
52,Cube,Seven strangers are taken out of their daily lives and placed mysteriously in a deadly cube where they all agree they must find their way out.
53,Dead Man,"On the run after murdering a man, accountant William Blake encounters a strange North American man named Nobody who prepares him for his journey into the spiritual world."
54,Dead Poets Society,"At an elite, old-fashioned boarding school in New England, a passionate English teacher inspires his students to rebel against convention and seize the potential of every day, courting the disdain of the stern headmaster."
55,Destroy All Monsters,"The 9th Godzilla film was the last made by the original Godzilla creators, and was meant to be a grand finale.  Aliens have released all the giant monsters from their imprisonment on Monster Island and are using them to destroy earth's major cities.  It is up to the daring crew of the super rocket ship X-2 to infiltrate the aliens' headquarters before the Earth monsters and King Ghidrah annihilate the planet."
56,Die Hard,"NYPD cop, John McClane's plan to reconcile with his estranged wife is thrown for a serious loop when minutes after he arrives at her office, the entire building is overtaken by a group of terrorists. With little help from the LAPD, wisecracking McClane sets out to single-handedly rescue the hostages and bring the bad guys down."
57,Dirty Dancing,"Expecting the usual tedium that accompanies a summer in the Catskills with her family, 17-year-old Frances 'Baby' Houseman is surprised to find herself stepping into the shoes of a professional hoofer – and unexpectedly falling in love."
58,Disclosure,"A computer specialist is sued for sexual harassment by a former lover turned boss who initiated the act forcefully, which threatens both his career and his personal life."
59,Dog Day Afternoon,A man robs a bank to pay for his lover's operation; it turns into a hostage situation and a media circus.
60,Dollman vs. Demonic Toys,"The Demonic Toys are back, so policewoman Judith Grey seeks the help of 12 inch tall Dollman and his 12 inch tall girlfriend, Nurse Ginger. The Toys hole up in an evil deserted toy factory and it's up to Dollman to keep the Toys from summoning the powers of darkness to the Earth."
61,Don Q Son of Zorro,"Returning to the legend that inspired his first swashbuckling adventure, Fairbanks appeared in DON Q, SON OF ZORRO. Don Cesar De Vega (Fairbanks) crosses swords with a vicious member of the Queen's Guard (Donald Crisp, who also directed), and steals the affection of a young heiress (Mary Astor). When the officer frames the young upstart for murder, Don Cesar fakes his own death and retreats to the crumbling ruins of the family castle he plots his vengeance."
62,"Don't Worry, I'm Fine","A 19-year-old searches for her twin brother after he runs away from home, following a fight with their father."
63,Downhill Racer,"An ambitious young skier, determined to break all existing records, is contemptuous of the teamwork advocated by the US coach when they go to Europe for the Olympics."
64,Dr. Jekyll and Mr. Hyde,"Dr. Jekyll believes good and evil exist in everyone and creates a potion that allows his evil side, Mr. Hyde, to come to the fore. He faces horrible consequences when he lets his dark side run amok."
65,Dreamgirls,"Three young women – Deena Jones, Effie White and Lorrell Robinson – dream of becoming pop stars and they get their wish when they're chosen to be backup singers for the legendary James 'Thunder' Early."
66,EVA,"Set in 2041, humans of planet Earth now live side-by-side with androids. A well-known cybernetic engineer, Alex Garel, is tasked with an assignment to create a robot in the form of a human child. He returns home to begin his work and finds that his childhood love Lana has married his brother David. Their daughter Eva seems to possess a superior intelligence and powerful charisma that immediately captivates Alex. Looking for inspiration, Alex asks Eva to be the muse of the new robot, which challenges everything Alex ever thought he knew about robots and humans alike."
67,Edward Scissorhands,A small suburban town receives a visit from a castaway unfinished science experiment named Edward.
68,"Edward, My Son","Following the death of his only son, a ruthless businessman reflects on his life, his unhappy marriage and his questionable parenting skills. Released in 1949, starring Spencer Tracy and Deborah Kerr."
69,Eight Miles High,"Achim Bornhak's movie focuses on the restless life of Uschi Obermaier, the icon of the 1968 movement in Germany and groupie. At the age of 16, Uschi is bored by her job in a photo lab, but soon becomes the ""it girl"" of Munich's club scene. When she gets to know Rainer Langhans, they move to Berlin and live in ""Kommune 1"", the first politically-motivated commune in Germany. While the other occupants claim she isn't political enough, Uschi just wants to have fun, works as fashion model and leads international music stars in temptation."
70,Elevator to the Gallows,"The feature-film debut of famed director Louis Malle is an interesting, modern film noir with the classic theme of lovers plotting to kill the husband and make it look like suicide (reminiscent of The Postman Always Rings Twice). Jeanne Moreau gives an astonishing performance, perverse but naive as she leads her young lover down a path that can only lead to doom for both of them."
71,Enough,"Working-class waitress Slim thought she was entering a life of domestic bliss when she married Mitch, the man of her dreams. After the arrival of their first child, her picture perfect life is shattered when she discovers Mitch's hidden possessive dark side, a controlling and abusive alter ego that can turn trust, love and tranquility into terror. Terrified for her child's safety, Slim flees with her daughter. Relentless in his pursuit and enlisting the aid of lethal henchmen, Mitch continually stalks the prey that was once his family."
72,Escape from New York,"In 1997, the island of Manhattan has been walled off and turned into a giant maximum security prison within which the country's worst criminals are left to form their own anarchic society. However, when the President of the United States crash lands on the island, the authorities turn to a former soldier and current convict, Snake Plissken, to rescue him."
73,Escape from the Planet of the Apes,"The world is shocked by the appearance of two talking chimpanzees, who arrived mysteriously in a U.S. spacecraft. They become the toast of society; but one man believes them to be a threat to the human race."
74,Evil Dead II,Ash Williams and his girlfriend Linda find a log cabin in the woods with a voice recording from an archeologist who had recorded himself reciting ancient chants from “The Book of the Dead.” As they play the recording an evil power is unleashed taking over Linda’s body.
75,Eyes Wide Shut,"After Dr. Bill Hartford's wife, Alice, admits to having sexual fantasies about a man she met, Bill becomes obsessed with having a sexual encounter. He discovers an underground sexual group and attends one of their meetings -- and quickly discovers that he is in over his head."
76,"Farewell, My Lovely","Los Angeles private eye Philip Marlowe is hired by paroled convict Moose Malloy to find his girlfriend Velma, former seedy nightclub dancer."
77,Final Fantasy VII: Advent Children,"Two years have passed since the final battle with Sephiroth. Though Midgar, city of mako, city of prosperity, has been reduced to ruins, its people slowly but steadily walk the road to reconstruction. However, a mysterious illness called Geostigma torments them. With no cure in sight, it brings death to the afflicted, one after another, robbing the people of their fledgling hope."
78,Finding Neverland,Finding Neverland is an amusing drama about how the story of Peter Pan and Neverland came to be. During a writing slump play writer J.M. Barrie meets the widowed Sylvia and her three children who soon become an important part of Barrie’s life and the inspiration that lead him to create his masterpiece “Peter Pan.”
79,Flags of Our Fathers,"There were five Marines and one Navy Corpsman photographed raising the U.S. flag on Mt. Suribachi by Joe Rosenthal on February 23, 1945. This is the story of three of the six surviving servicemen – John 'Doc' Bradley, Pvt. Rene Gagnon and Pvt. Ira Hayes, who fought in the battle to take Iwo Jima from the Japanese."
80,Flashdance,The popular 1980’s dance movie that depicts the life of an exotic dancer with a side job as a welder who true desire is to get into ballet school. It’s her dream to be a professional dancer and now is her chance. The film has a great soundtrack with an Oscar winning song.
81,Forbidden Planet,Captain Adams and the crew of the Starship C57D fly towards planet Altair 4 in search for the Bellerphon spaceship that has been missing for twenty years. To their surprise they are already being expected. A classic science fiction film from 1957 starring Leslie Nielsen.
82,Frances,The true story of Frances Farmer's meteoric rise to fame in Hollywood and the tragic turn her life took when she was blacklisted.
83,Frankenstein Created Woman,"A deformed tormented girl drowns herself after her lover is framed for murder and guillotined. Baron Frankenstein, experimenting with the transfer of souls, places the boy's soul into her body, bringing Christina back to life. Driven by revenge, she carries out a violent retribution on those responsible for both deaths."
84,Frankenstein Unbound,"The ultimate weapon, claimed to be safe for mankind, produces global side-effects including time slides and disappearances. The scientist behind the project and his car are zapped from the year 2031 to 1817 in Switzerland where he meets Dr. Victor Frankenstein, Mary Shelley and others."
85,Galaxy Quest,"The stars of a 1970s sci-fi show - now scraping a living through re-runs and sci-fi conventions - are beamed aboard an alien spacecraft. Believing the cast's heroic on-screen dramas are historical documents of real-life adventures, the band of aliens turn to the ailing celebrities for help in their quest to overcome the oppressive regime in their solar system."
86,Ghost Dog: The Way of the Samurai,An African-American Mafia hit man who models himself after the samurai of old finds himself targeted for death by the mob.
87,Godzilla,"When a freighter is viciously attacked in the Pacific Ocean, a team of experts -- including biologist Niko Tatopoulos and scientists Elsie Chapman and Mendel Craven -- concludes that an oversized reptile is the culprit. Before long, the giant lizard is loose in Manhattan, destroying everything within its reach. The team chases the monster to Madison Square Garden, where a brutal battle ensues."
88,Gravity,"The story of a seemingly settled bank employee who breaks the shackles of his everyday life and becomes a wanderer between worlds. Frederik is an up-and-coming young bank employee who lives an ordinary life. When a bank customer, whom Frederik has denied a loan in the face of the bank crisis, shoots himself in front of Frederik, he snaps. Together with ex-con Vince,he begins to live out a new, dark side of himself. He robs his rich bank customers' homes and gives the money to the needy. The initial rush of crossing social boundaries soon develops into an addiction to ever greater thrills."
89,Gremlins 2: The New Batch,"Young sweethearts Billy and Kate move to the Big Apple, land jobs in a high-tech office park and soon reunite with the friendly and lovable Gizmo. But a series of accidents creates a whole new generation of Gremlins. The situation worsens when the devilish green creatures invade a top-secret laboratory and develop genetically altered powers, making them even harder to destroy!"
90,Guter Junge,No overview found.
91,Halloween,"In John Carpenter's horror classic, a psychotic murderer, institutionalized since childhood for the murder of his sister, escapes and stalks a bookish teenage girl and her friends while his doctor chases him through the streets."
92,Hannibal Rising,"The story of the early, murderous roots of the cannibalistic killer, Hannibal Lecter – from his hard-scrabble Lithuanian childhood, where he witnesses the repulsive lengths to which hungry soldiers will go to satiate themselves, through his sojourn in France, where as a med student he hones his appetite for the kill."
93,Harry Potter and the Philosopher's Stone,"Harry Potter has lived under the stairs at his aunt and uncle's house his whole life. But on his 11th birthday, he learns he's a powerful wizard -- with a place waiting for him at the Hogwarts School of Witchcraft and Wizardry. As he learns to harness his newfound powers with the help of the school's kindly headmaster, Harry uncovers the truth about his parents' deaths -- and about the villain who's to blame."
94,Heart of the Country,"With her husband jailed for Wall Street-based fraud, Faith has to leave behind her luxury life in New York to return home to North Carolina and the widower father and dutiful older sister she left behind.  Together, they have to deal with the buried emotions of sudden death of Faith’s mother years ago, and learn to be a family again.  Like the Prodigal story, Heart of the Country is a tale of a father’s unconditional love.  He simply wants a relationship with his children, and once that relationship is restored, he begins to create healing for his broken daughter.  Her marriage has to be rebuilt, her belief in herself, and her peace with her mother’s death all come together through the quiet, selfless guidance of her loving father.  The novel, written by Rene Gutteridge from the original screenplay by filmmaker John Ward, takes us from the glamour of Manhattan to the open beauty of the fields of rural Columbus County, North Carolina as the timeless tale of the Prodigal Son is reborn!"
95,Hero,"Bernie Laplante is having a rough time. He's divorced, his ex-wife hates him and has custody of their son, the cops are setting a trap for him, then to top it all, he loses a shoe whilst rescuing passengers of a crashed jet. Being a thief who is down on his luck, Bernie takes advantage of the crash, but then someone else claims credit for the rescue."
96,Hitman,"The best-selling videogame, Hitman, roars to life with both barrels blazing in this hardcore action-thriller starring Timothy Olyphant. A genetically engineered assassin with deadly aim, known only as ""Agent 47"" eliminates strategic targets for a top-secret organization. But when he's double-crossed, the hunter becomes the prey as 47 finds himself in a life-or-death game of international intrigue."
97,Hollywoodland,"The complicated life and controversial suicide of George Reeves is investigated by a fictional private detective who finds that there are reasons to suspect that Reeves may not have killed himself after all. The detective also finds that there is a little of George Reeves in himself, and maybe, each of us."
98,Horrible Bosses,"For Nick, Kurt and Dale, the only thing that would make the daily grind more tolerable would be to grind their intolerable bosses into dust. Quitting is not an option, so, with the benefit of a few-too-many drinks and some dubious advice from a hustling ex-con, the three friends devise a convoluted and seemingly foolproof plan to rid themselves of their respective employers... permanently."
99,Hotel Very Welcome,No overview found.
100,Hour of the Gun,"Marshal Wyatt Earp kills a couple of men of the Clanton-gang in a fight. In revenge Clanton's thugs kill the marshal's brother. Thus, Wyatt Earp starts to chase the killers together with his friend Doc Holliday."
101,House of 1000 Corpses,Two teenage couples traveling across the backwoods of Texas searching for urban legends of serial killers end up as prisoners of a bizarre and sadistic backwater family of serial killers.
102,House of Dracula,"A scientist working on cures for rare afflictions, such as a bone softening agent made from molds to allow him to correct the spinal deformity of his nurse, finds the physical causes of lycanthropy in wolf-man Larry Talbot and of vampirism in Count Dracula, but himself becomes afflicted with homicidal madness while exchanging blood with Dracula."
103,Human Nature,"A philosophical burlesque, Human Nature follows the ups and downs of an obsessive scientist, a female naturalist, and the man they discover, born and raised in the wild. As scientist Nathan trains the wild man, Puff, in the ways of the world - starting with table manners - Nathan's lover Lila fights to preserve the man's simian past, which represents a freedom enviable to most."
104,In Time,"In the not-too-distant future the aging gene has been switched off. To avoid overpopulation, time has become the currency and the way people pay for luxuries and necessities. The rich can live forever, while the rest try to negotiate for their immortality. A poor young man who comes into a fortune of time, though too late to help his mother from dying. He ends up on the run from a corrupt police force known as 'time keepers'."
105,Jack & Sarah,"Jack always lands on his feet. He lands on his feet when he marries the beautiful Sarah. He lands on his feet when he buys a luxurious new home. However, when Sarah goes into labour, he takes a tumble down the stairs and lands on his head. When he comes around he discovers he is the proud father of a baby girl, but deficient in the spouse department to the tune of 1."
106,James Dean,"The man behind the legend and a knowing look at the 1950's Hollywood are revealed in this dynamic bioepic of the meteoric star whose troubled life echoed his gut-grabbing performances in East of Eden, Rebel Without A Cause and Giant."
107,Joshua,"When Joshua moves to the outskirts of Auburn, he awakens the curiosity of the sleepy town. They don’t know who he is or where he came from, but no one can shake the feeling they’ve known him for years. Despite his benevolence and selfless work in the community, some remain suspicious. Just what exactly is Joshua up to?"
108,Ken Park,"Ken Park focuses on several teenagers and their tormented home lives. Shawn seems to be the most conventional. Tate is brimming with psychotic rage; Claude is habitually harassed by his brutish father and coddled, rather uncomfortably, by his enormously pregnant mother. Peaches looks after her devoutly religious father, but yearns for freedom. They're all rather tight, or so they claim."
109,Kill Bill: Vol. 1,"An assassin is shot at the altar by her ruthless employer, Bill and other members of their assassination circle – but 'The Bride' lives to plot her vengeance. Setting out for some payback, she makes a death list and hunts down those who wronged her, saving Bill for last."
110,Killer,"This lyrical, modern-day film noir finds cynical hit man Mick (Anthony LaPaglia) tiring of his job and asking his boss, mob kingpin George (Peter Boyle), for time off. George gives him the assignment of his life, however, prompting Mick's soul-searching to reach new heights. Mick is asked to kill the sultry Fiona (Mimi Rogers), who owes George money and claims she wants to die. But as Mick spends time with her, he finds himself falling for her."
111,King Kong vs. Godzilla,"After a 7 year hiatus, Godzilla returned to the screen to take on King Kong in the 3rd film in the Godzilla franchise. A pharmaceutical company captures King Kong and brings him to Japan, where he escapes from captivity and battles a recently revived Godzilla."
112,Kiss of the Dragon,"Liu Jian, an elite Chinese police officer, comes to Paris to arrest a Chinese drug lord. When Jian is betrayed by a French officer and framed for murder, he must go into hiding and find new allies."
113,Los Olvidados,"A group of juvenile delinquents live a violent and crime-filled life in the festering slums of Mexico City, and the morals of young Pedro are gradually corrupted and destroyed by the others."
114,Love Is the Devil: Study for a Portrait of Francis Bacon,"Biography of the British painter Francis Bacon. The movie focuses on his relationship with George Dyer, his lover. Dyer was a former small time crook."
115,Mad Dog Coll,"Killer Vincent ""Mad Dog"" Coll moves in on gangster Dutch Schultz in 1920s New York."
116,Madame Bovary,"Bored with the limited and tedious nature of provincial life in 19th-century France, the fierce and sensual Emma Bovary finds herself in calamitous debt and purses scandalous sexual liaisons with absolute abandon. However, when her volatile lifestyle catches up to her, the lives of everyone around her are endangered."
117,Mala Noche,Mala Noche is the film debut from director Gus van Sant. The film portrays the unanswered love of an American man toward a young Mexican man.
118,Malcolm X,The biopic of the controversial and influential Black Nationalist leader.
119,Man of Marble,Man of Marble is a Polish film about a student making a film about a bricklayer who was once idolized. She interviews people who knew him and finds old footage that lead to an unfolding mystery that causes her producer to cancel the project.
120,Mean Streets,"A small-time hood must choose from among love, friendship and the chance to rise within the mob."
121,Meet Me in St. Louis,"In the year before the 1904 St Louis World's Fair, the four Smith daughters learn lessons of life and love, even as they prepare for a reluctant move to New York."
122,Meet the Robinsons,"In this animated adventure, brilliant preteen inventor Lewis creates a memory scanner to retrieve his earliest recollections and find out why his mother gave him up for adoption. But when the villainous Bowler Hat Guy steals the machine, Lewis is ready to give up on his quest until the mysterious Wilbur Robinson shows up on the scene, whisking Lewis to the future to find the scanner and his mom."
123,Memoirs of an Invisible Man,"After a freak accident, an invisible yuppie runs for his life from a treacherous CIA official while trying to cope with his new life."
124,Metamorphosis,A geneticists working on a drug to stop ageing tries it upon himself with horrendous consequences.
125,Minority Report,"John Anderton is a top 'Precrime' cop in the late-21st century, when technology can predict crimes before they're committed. But Anderton becomes the quarry when another investigator targets him for a murder charge."
126,Mission to Mars,"When contact is lost with the crew of the first Mars expedition, a rescue mission is launched to discover their fate."
127,Mission: Impossible,"When Ethan Hunt, the leader of a crack espionage team whose perilous operation has gone awry with no explanation, discovers that a mole has penetrated the CIA, he's surprised to learn that he's the No. 1 suspect. To clear his name, Hunt now must ferret out the real double agent and, in the process, even the score."
128,Modern Times,The Tramp struggles to live in modern industrial society with the help of a young homeless woman.
129,Mr. Smith Goes to Washington,"Naive and idealistic Jefferson Smith, leader of the Boy Rangers, is appointed on a lark by the spineless governor of his state. He is reunited with the state's senior senator--presidential hopeful and childhood hero, Senator Joseph Paine. In Washington, however, Smith discovers many of the shortcomings of the political process as his earnest goal of a national boys' camp leads to a conflict with the state political boss, Jim Taylor. Taylor first tries to corrupt Smith and then later attempts to destroy Smith through a scandal."
130,My Own Private Idaho,"In this loose adaptation of Shakespeare's ""Henry IV,"" Mike Waters (River Phoenix) is a gay hustler afflicted with narcolepsy. Scott Favor (Keanu Reeves) is the rebellious son of a mayor. Together, the two travel from Portland, Oregon to Idaho and finally to the coast of Italy in a quest to find Mike's estranged mother. Along the way they turn tricks for money and drugs, eventually attracting the attention of a wealthy benefactor and sexual deviant."
131,My Sweet Little Village,"The movie's main storyline follows the life of Otík, a mentally retarded young man, in a tight-knit village community. The sweet-tempered Otík works as an assistant truck driver with Mr. Pávek, his older colleague and practical-minded neighbor. Pávek's family takes care of Otík, whose parents are dead. However, the two coworkers become at odds over Otík's inability to perform even the simplest tasks. Pávek demands that Otík be transferred to assist another driver, who happens to be a choleric and suspicious man named Turek (Turk in Czech). Rather than work with Turek, Otík decides to accept an offer of employment in Prague, but finds he does not fit in to the city life. After discovering that the transfer of Otík to Prague was a trick by a crooked politician to get a deal on Otík's large inherited house, Pávek agrees to give Otík a second chance and retrieves him from the city to resume their work together."
132,My Tutor,"High school senior Bobby Chrystal fails his French class, which will block him from entering Yale. His rich, authoritarian father hires an attractive 29-year-old to tutor Bobby over the summer and help him pass a make-up exam. While Bobby's friends lead him away into strange excursions aimed at losing their virginity, Bobby finds all the extracurricular activities he needs with his new tutor."
133,Nell,"In a remote woodland cabin, a small town doctor discovers Nell - a beautiful young hermit woman with many secrets."
134,New York Doll,"A recovering alcoholic and recently converted Mormon, Arthur ""Killer"" Kane, of the rock band The New York Dolls, is given a chance at reuniting with his band after 30 years."
135,No Reservations,"Master chef Kate Armstrong runs her life and her kitchen with intimidating intensity. However, a recipe for disaster may be in the works when she becomes the guardian of her young niece while crossing forks with the brash sous-chef who just joined her staff. Though romance blooms in the face of rivalry, Kate needs to look outside the kitchen to find true happiness."
136,Notorious,"Released shortly after the war, this classic Hitchcock film illustrates the battle between German Nazis and American spies in Rio de Janeiro where a German businessman keeps a wine cellar with uranium ore."
137,Olga's House of Shame,"In this third installment of the ""Olga"" series, our heroine adds jewel smuggling to her repertoire of dope pushing and white slavery. As the vicious Olga (Audrey Campbell) expands her criminal empire, she also encounters more resistance as a string of once-trusted partners turn traitor in an effort to steal the successful racket out from under her. The result is exactly what fans of the series expect, a barrage of torture scenes featuring soldering irons, floggings, spankings, and even an electric chair. As with its predecessors, Olga's House of Shame is a silent black and white film with narration to explain the action, but even with direct commentary it's difficult to keep track of the characters and Campbell (who is occasionally caught laughing out loud at the absurdity of it all) has all the menace of a kindergarten teacher, even when wielding a machete."
138,Once in a Lifetime: The Extraordinary Story of the New York Cosmos,"In the 1970s the North American Soccer League marked the first attempt to introduce soccer to American sports fans. While most teams had only limited success at best, one managed to break through to genuine mainstream popularity - the New York Cosmos. The brainchild of Steve Ross (Major executive at Warner Communications) and the Ertegun brothers (Founders of Atlantic Records), the Cosmos got off to a rocky start in 1971, but things changed in 1975 when the world's most celebrated soccer star, the Brazilian champion Pele, signed with the Cosmos for a five-million-dollar payday. With the arrival of Pele, the Cosmos became a hit  and the players became the toast of the town, earning their own private table at Studio 54. A number of other international soccer stars were soon lured to the Cosmos, including Franz Beckenbauer, Rodney Marsh, and Carlos Alberto, but with the turn of the decade, the team began losing favor with fans and folded in 1985."
139,One Night at McCool's,Every man has a different recollection of the beautiful young woman who wreaked havoc on their lives during one heated night.
140,Or (My Treasure),"Or shoulders a lot: she's 17 or 18, a student, works evenings at a restaurant, recycles cans and bottles for cash, and tries to keep her mother Ruthie from returning to streetwalking in Tel Aviv. Ruthie calls Or ""my treasure,"" but Ruthie is a burden. She's just out of hospital, weak, and Or has found her a job as a house cleaner. The call of the quick money on the street is tough for Ruthie to ignore. Or's emotions roil further when the mother of the youth she's in love with comes to the flat to warn her off. With love fading and Ruthie perhaps beyond help, Or's choices narrow."
141,Out of Time,"Matt Lee Whitlock, respected chief of police in small Banyan Key, Florida, must solve a vicious double homicide before he himself falls under suspicion. Matt Lee has to stay a few steps ahead of his own police force and everyone he's trusted in order to find out the truth."
142,Pirates of the Caribbean: The Curse of the Black Pearl,"Jack Sparrow, a freewheeling 17th-century pirate who roams the Caribbean Sea, butts heads with a rival pirate bent on pillaging the village of Port Royal. When the governor's daughter is kidnapped, Sparrow decides to help the girl's love save her. But their seafaring mission is hardly simple."
143,Postal,"The story begins with a regular Joe who tries desperately to seek employment, but embarks on a violent rampage when he teams up with cult leader Uncle Dave. Their first act is to heist an amusement park, only to learn that the Taliban are planning the same heist as well. Chaos ensues, and now the Postal Dude must not only take on terrorists but also political figures."
144,Prime,"A career driven professional from Manhattan is wooed by a young painter, who also happens to be the son of her psychoanalyst."
145,Read It and Weep,A young girl turns into an A-List celebrity over night when her private journal is accidently published and becomes a best-seller.
146,Reality Bites,"A small circle of friends suffering from post-collegiate blues must confront the hard truth about life, love and the pursuit of gainful employment. As they struggle to map out survival guides for the future, the Gen-X quartet soon begins to realize that reality isn't all it's cracked up to be."
147,Reclaim Your Brain,"Frustrated, because he is forced to produce bad TV-shows, a manager of a TV-station, enters the station and manipulates the ratings, to initiate a TV-revolution."
148,Return of the Jedi,"As Rebel leaders map their strategy for an all-out attack on the Emperor's newer, bigger Death Star. Han Solo remains frozen in the cavernous desert fortress of Jabba the Hutt, the most loathsome outlaw in the universe, who is also keeping Princess Leia as a slave girl. Now a master of the Force, Luke Skywalker rescues his friends, but he cannot become a true Jedi Knight until he wages his own crucial battle against Darth Vader, who has sworn to win Luke over to the dark side of the Force."
149,Revolutionary Road,A young couple living in a Connecticut suburb during the mid-1950s struggle to come to terms with their personal problems while trying to raise their two children. Based on a novel by Richard Yates.
150,Righteous Ties,"An eccentric but faithful mafia, Chi-sung is sent to prison for his part in a gang fight. But when his parents are attacked by a rival mob and his own people take no action, he realizes that a decade of loyalty towards the gang has become futile. Determined to confront his own boss, he finds a way to escape from prison with his fellow inmates. Meanwhile, his friend Joo-joong is given the task to stop Chi-sung, forcing him to choose between the bond of friendship and loyalty towards the gang."
151,Rocky II,"After Rocky goes the distance with champ Apollo Creed, both try to put the fight behind them and move on. Rocky settles down with Adrian but can't put his life together outside the ring, while Creed seeks a rematch to restore his reputation. Soon enough, the ""Master of Disaster"" and the ""Italian Stallion"" are set on a collision course for a climactic battle that is brutal and unforgettable."
152,Rocky III,"Now the world champion, Rocky Balboa is living in luxury and only fighting opponents who pose no threat to him in the ring. His lifestyle of wealth and idleness is shaken when a powerful young fighter known as Clubber Lang challenges him to a bout. After taking a pounding from Lang, the humbled champ turns to former bitter rival Apollo Creed to help him regain his form for a rematch with Lang."
153,"Rome, Open City","Open City is a landmark in film history. Filmed in secrecy during the Nazi occupation of Italy, the film shows a realistic portrayal of the underground resistance in Italy in 1945. The film has strong impacting imagery with it’s mix of fiction and reality that strengthened Italian Neo-realism and the film industry."
154,Romeo Must Die,"Two warring gang families (one African-American, the other Chinese) maneuver for bragging rights to the Oakland, California, docks. Hang SIng and Trish O'Day uncover a trail of deceit that leaves most of the warring factions dead … or worse!"
155,Roustabout,"Elvis plays a bad-boy singer roaming the highways on his Japanese motorcycle; laid up after an accident, he joins a carnival owned by the feisty Barbara Stanwyck."
156,Rumble Fish,"Rusty James, an absent-minded street thug struggles to live up to his legendary older brother's reputation, and longs for the days when gang warfare was going on."
157,Rush Hour,"When Hong Kong Inspector Lee is summoned to Los Angeles to investigate a kidnapping, the FBI doesn't want any outside help and assigns cocky LAPD Detective James Carter to distract Lee from the case. Not content to watch the action from the sidelines, Lee and Carter form an unlikely partnership and investigate the case themselves."
158,Saw II,"When a new murder victim is discovered with all the signs of Jigsaw's hand, Detective Eric Matthews begins a full investigation and apprehends Jigsaw with little effort. But for Jigsaw, getting caught is just another part of his plan. Eight more of his victims are already fighting for their lives and now it's time for Matthews to join the game..."
159,Secret Agent,"After three British agents are assigned to assassinate a mysterious German spy during World War I, two of them become ambivalent when their duty to the mission conflicts with their consciences."
160,Shiloh,"An abused beagle runs away from his owner. On the road, he meets young Marty Preston and follows him home. The boy immediately forms a bond with the dog and names him Shiloh. His stern father won't let him keep the dog because it belongs to Judd Travers, a local hunter. After Shiloh is mistreated again, he runs away and returns to Marty. Knowing his father will once again make him bring Shiloh back to Judd, he makes a home for the dog in an old shed up the hill from the Prestons' house and hides him from his family. His secret is soon discovered when a stray attacks the dog one night and he must turn to his father for help."
161,Short Circuit,"After a lightning bolt zaps a robot named Number 5, the lovable machine starts to think he's human and escapes the lab. Hot on his trail is his designer, Newton, who hopes to get to Number 5 before the military does. In the meantime, a spunky animal lover mistakes the robot for an alien and takes him in, teaching her new guest about life on Earth."
162,Shortbus,"A group of New Yorkers caught up in their milieu converge at an underground salon infamous for its blend of art, music, politics, and carnality. The characters converge in a weekly Brooklyn social/artistic/sexual salon ""Shortbus"", loosely inspired by various underground NYC gatherings that took place in the early 2000's. Here, gay couple Jamie (P J DeBoy) and James (Paul Dawson) meet a young ex-model and aspiring singer Ceth (Jay Brannan)."
163,Sicko,"Sicko is a Michael Moore documentary about the corrupt health care system in The United States who's main goal is to make profit even if it means losing peoples lives. ""The more people you deny health insurance the more money we make"" is the business model for health care providers in America."
164,Snatch,"The second film from British director Guy Ritchie. Snatch tells an obscure story similar to his first fast-paced crazy character-colliding filled film “Lock, Stock and Two Smoking Barrels.” There are two overlapping stories here – one is the search for a stolen diamond, and the other about a boxing promoter who’s having trouble with a psychotic gangster."
165,Sommersby,"Set in the south of the United States just after the Civil War, Laurel Sommersby is just managing to work the farm without her husband Jack, believed killed in the Civil War. By all accounts, Jack Sommersby was not a pleasant man, thus when he returns, Laurel has mixed emotions. It appears that Jack has changed a great deal, leading some people to believe that this is not actually Jack but an imposter. Laurel herself is unsure, but willing to take the man into her home, and perhaps later into her heart..."
166,Soul Assassin,"Kevin Burke a young executive for a multinational investment bank, is a rising star in the Rotterdam office. Rewarded for his perceptive eye and mastery of foreign languages, Kevin receives the promotion he has been working for - a coveted spot on the company's internal security team. Trained by the enigmatic Mr. Ficks to protect the firm's employees in volatile, third world markets, Kevin thinks he has a shield for every arrow. And this makes him feel safe, or at least ""safer"" than he's felt since his father's mysterious death. Karl Jorgensen, the Managing Director of the bank, is Kevin's boss and surrogate father. He has mentored Kevin over the years, which makes his biological son, Karl Jorgensen Junior, visibly jealous. Jorgensen brushes off the ""sibling rivalry"", but clearly favors Kevin, molding him into a confident, young man. It is this confidence that gives Kevin the courage he needs to propose to the woman he loves..."
167,Space Jam,"In a desperate attempt to win a basketball match and earn their freedom, the Looney Tunes seek the aid of retired basketball champion, Michael Jordan."
168,Spanglish,"Mexican immigrant and single mother Flor Moreno finds housekeeping work with Deborah and John Clasky, a well-off couple with two children of their own. When Flor admits she can't handle the schedule because of her daughter, Cristina, Deborah decides they should move into the Clasky home. Cultures clash and tensions run high as Flor and the Claskys struggle to share space while raising their children on their own, and very different, terms."
169,Straw Dogs,A young American and his English wife come to rural England and face increasingly vicious local harassment.
170,Stuck on You,"In Martha's Vineyard, Mass., conjoined twins Walt (Greg Kinnear) and Bob Tenor (Matt Damon) make the best of their handicap by being the fastest grill cooks in town. While outgoing Walt hopes to one day become a famous actor, shy Bob prefers to stay out of the spotlight. When a fading Hollywood actress, Cher (Cher), decides to get her show ""Honey and the Beaze"" cancelled, she hires Walt -- and his brotherly appendage -- as her costars. But their addition surprisingly achieves the opposite."
171,Summer '04,"Sommer ’04 is a character study of a family on vacation. German director Stefan Krohmer examines the emotional abyss and problems behind the seemingly nice facade of an intact family as they experience guilt, love and jealousy."
172,Sunshine,The fate of a Hungarian Jewish family throughout the 20th century.
173,Sweet November,"Nelson is a man devoted to his advertising career in San Francisco. One day, while taking a driving test at the DMV, he meets Sara. She is very different from the other women in his life. Nelson causes her to miss out on taking the test and later that day she tracks him down. One thing leads to another and Nelson ends up living with her through a November that will change his life forever."
174,Swept from the Sea,"The film tells the story of Russian emigree and the only survivor from ship crash Yanko Goorall and servant Amy Foster in the end of 19th century. When Yanko enters a farm sick and hungry after the shipwreck, everyone is afraid of him, except for Amy, who is very kind and helps him. Soon he becomes like a son for Dr. James Kennedy and romance between Yanko and Amy follows."
175,Teheran '43,"Documents reveal in 1980 that the Germans planned to kill the Big Three in Teheran in 1943.This story starts in 1980 in Paris as the memories of Andrei Borodin (Igor Kostolevsky), a Soviet agent, take the action back to 1943 during the Teheran meetings of Stalin, Roosevelt and Churchill. A high-ranking Nazi officer developed a plan to assassinate the three world leaders in order to undermine the Allied forces. He commissioned the German agent Max Richard (Armen Dzhigarkhanian) to carry out his plan, but it failed miserably due to the quick action and thinking of Andrei. While in Teheran, Andrei met a French woman, Marie Louni (Natalia Belokhvostikova), living in the city and they had a brief but intense affair. Nearly four decades later, the Nazi officer has been captured - but not for long. Freed by terrorists, the officer is hunting down the German agent who failed to carry out the planned assassinations. Max lives at Françoise (Claude Jade), a young French woman, who hides him."
176,Terminator 2: Judgment Day,"Nearly 10 years have passed since Sarah Connor was targeted for termination by a cyborg from the future. Now her son, John, the future leader of the resistance, is the target for a newer, more deadly terminator. Once again, the resistance has managed to send a protector back to attempt to save John and his mother Sarah."
177,Terminator Salvation,"All grown up in post-apocalyptic 2018, John Connor must lead the resistance of humans against the increasingly dominating militaristic robots. But when Marcus Wright appears, his existence confuses the mission as Connor tries to determine whether Wright has come from the future or the past -- and whether he's friend or foe."
178,That Most Important Thing: Love,"Servais Mont, a photographer, meets Nadine Chevalier who earns her money starring in cheap soft-core movies. Trying to help her, he borrows the money from the loan sharks to finance the theatrical production of 'Richard III' and gives Nadine a part."
179,The Bachelor,"Jimmie is seeing his single friends get married one by one. He isn't too worried until his girlfriend Anne catches the bouquet at his friend Marco's wedding. Suddenly, his wild mustang days are numbered. He finally decides to propose to her, but he sticks his foot in his mouth and botches the proposal. Being insulted by the defeatist proposal, Anne leaves town on an assignment. After she's gone, he finds out that his recently-deceased grandfather's will stipulates that he gets nothing of a multi-million dollar fortune unless he's married by 6:05pm on his 30th birthday: tomorrow! Not being able to find Anne, Jimmie begins backtracking through his past girlfriends to find a wife."
180,The Beach,"Twenty-something Richard travels to Thailand and finds himself in possession of a strange map. Rumours state that it leads to a solitary beach paradise, a tropical bliss - excited and intrigued, he sets out to find it."
181,The Big Blue,"Two men answer the call of the ocean in this romantic fantasy-adventure.  Jacques (Jean-Marc Barr) and Enzo (Jean Reno) are a pair of friends who have been close since childhood, and who share a passion for the dangerous sport of free diving. Professional diver Jacques opted to follow in the footsteps of his father, who died at sea when Jacques was a boy; to the bewilderment of scientists, Jacques harbors a remarkable ability to adjust his heart rate and breathing pattern in the water, so that his vital signs more closely resemble that of dolphins than men (he even considers a school of dolphins as his extended family).  As Enzo persuades a reluctant Jacques to compete against him in a free diving contest -- determining who can dive deeper and longer without scuba gear -- Jacques meets Johana (Rosanna Arquette), a beautiful insurance investigator from America, and he finds that he must choose between his love for her and his love of the sea."
182,The Big Parade,"The story of an idle rich boy who joins the US Army's Rainbow Division and is sent to France to fight in World War I, becomes friends with two working class men, experiences the horrors of trench warfare, and finds love with a French girl."
183,The Bourne Identity,"Wounded to the brink of death and suffering from amnesia, Jason Bourne is rescued at sea by a fisherman. With nothing to go on but a Swiss bank account number, he starts to reconstruct his life, but finds that many people he encounters want him dead. However, Bourne realizes that he has the combat and mental skills of a world-class spy – but who does he work for?"
184,The Boys from County Clare,Two feuding brothers and their respective Ceilidh bands compete at a music festival. Set in 1960's Ireland.
185,The Breakfast Club,"Five high school students, all different stereotypes, meet in detention, where they pour their hearts out to each other, and discover how they have a lot more in common than they thought."
186,The Bridge,"A group of German boys are ordered to protect a small bridge in their home village during the waning months of the second world war. Truckloads of defeated, cynical Wehrmacht soldiers flee the approaching American troops, but the boys, full of enthusiasm for the ""blood and honor"" Nazi ideology, stay to defend the useless bridge."
187,The Chorus,"Set in 1940's France, a new teacher at a school for disruptive boys gives hope and inspiration."
188,The Coast Guard,An overzealous soldier mentally deteriorates after killing an innocent man he thought was a spy.
189,The Contract,"Attempting to recover from a recent family trauma by escaping into the woods for a peaceful hiking trip, an ex-lawman and his young son stumble across a dangerous contract killer."
190,The Crazy Family,"The Kobayashi family finally get the chance to move out of their tiny, cramped Tokyo apartment in favour of the suburban house of their dreams. But all is not well: the house is infested by termites and the family starts cracking up: Son Masaki is studying so obsessively for his exams that he's losing his mind; daughter Erika is oblivious of all but her forthcoming record company audition, grandfather Yasukuni starts getting World War II flashbacks and father Katsuhiko is so worried about his family's ""sickness"" that he thinks can only be cured by group suicide..."
191,The Dawn Patrol,"In 1915 France, Major Brand commands the 39th Squadron of the Royal Flying Corps. The young airmen go up in bullet-riddled ""crates"" and the casualty rate is appalling, but Brand can't make the ""brass hats"" at headquarters see reason. Insubordinate air ace Captain Courtney is another thorn in Brand's side...but finds the smile wiped from his face when he rises to command the squadron himself. Everyone keeps a stiff upper lip."
192,The Diving Bell and the Butterfly,"Elle France editor Jean-Dominique Bauby, who, in 1995 at the age of 43, suffered a stroke that paralyzed his entire body, except his left eye. Using that eye to blink out his memoir, Bauby eloquently described the aspects of his interior world, from the psychological torment of being trapped inside his body to his imagined stories from lands he'd only visited in his mind."
193,The Elephant Man,"A Victorian surgeon rescues a heavily disfigured man being mistreated by his ""owner"" as a side-show freak. Behind his monstrous façade, there is revealed a person of great intelligence and sensitivity. Based on the true story of Joseph Merrick (called John Merrick in the film), a severely deformed man in 19th century London."
194,The Ewok Adventure,"The Towani family civilian shuttlecraft crashes on the forest moon of Endor. The four Towani's are separated. Jermitt and Catarine, the mother and father are captured by the giant Gorax, and Mace and Cindel, the son and daughter, are missing when they are captured. The next day, the Ewok Deej is looking for his two sons when they find Cindel all alone in the shuttle (Mace and Cindel were looking for the transmitter to send a distress call), when Mace appears with his emergency blaster. Eventually, the four-year old Cindel is able to convince the teenage Mace that the Ewoks are nice. Then, the Ewoks and the Towani's go on an adventure to find the elder Towanis."
195,The Fifth Element,"In 2257, a taxi driver is unintentionally given the task of saving a young girl who is part of the key that will ensure the survival of humanity."
196,The Getaway,"Doc McCoy is put in prison because his partners chickened out and flew off without him after exchanging a prisoner with a lot of money. Doc knows Jack Benyon, a rich ""business""-man, is up to something big, so he tells his wife (Carol McCoy) to tell him that he's for sale if Benyon can get him out of prison. Benyon pulls some strings and Doc McCoy is released again. Unfortunately he has to cooperate with the same person that got him to prison."
197,The Gift,"When a local woman disappears and the police can't seem to find any leads, her father turns to a poor young woman with psychic powers. Slowly she starts having visions of the woman chained and in a pond. Her visions lead to the body and the arrest of an abusive husband, but did he really do it?"
198,The Great Dictator,Dictator Adenoid Hynkel tries to expand his empire while a poor Jewish barber tries to avoid persecution from Hynkel's regime.
199,The Hunchback of Notre Dame,"When Quasi defies the evil Frollo and ventures out to the Festival of Fools, the cruel crowd jeers him. Rescued by fellow outcast the gypsy Esmeralda, Quasi soon finds himself battling to save the people and the city he loves."
200,The Island,David Warner leads a band of modern day pirates who raid yachts and sail boats of people on vacation out in the Caribbean. Michael Caine is a reporter who goes out there with his son to investigate the mystery of the disappearing boats. He runs across Warner and his band of raiders and they decide to induct them into their tribe.
201,The Killing,The Killing was Stanley Kubrick’s first film with a professional cast and the first time he achieved public recognition as the unconventional director he’s now known for. The story is of ex-prisoners who plan to set up a racetrack so they can live a life without monetary worries. One of the more exceptional films of the 1950’s.
202,The Last Laugh,"An aging doorman, after being fired from his prestigious job at a luxurious Hotel is forced to face the scorn of his friends, neighbours and society."
203,The Last Mistress,"Secrets, rumors and betrayals surround the upcoming marriage between a young dissolute man and virtuous woman of the French aristocracy."
204,The Last Samurai,"Nathan Algren is an American hired to instruct the Japanese army in the ways of modern warfare, which finds him learning to respect the samurai and the honorable principles that rule them. Pressed to destroy the samurai's way of life in the name of modernization and open trade, Algren decides to become an ultimate warrior himself and to fight for their right to exist."
205,The Legend of Paul and Paula,"Paul and Paula have had bad experiences with love: Paul is financially well off but has lost all affection for his wife, and Paula leads a troublesome life raising two children on her own. They meet and discover a strong passion for each other. Life seems like a dream when they're together - but their short flights from the burdens of reality are once and again interrupted by Paul's ties to family and career."
206,The Mikado,"Jonathan Miller set his well-known production of The Mikado, staged for the English National Opera, in a British seaside resort of the 1920s. The result, complete with a chorus of gentlemen of Japan as cartoon-like British peers, emphatically underscores the Englishness of the satire. The occasional non sequiturs, like a bunch of gentry dressed for Ascot and singing in Japanese, are loonily fun, and no more absurd than the fantasyland Japan that Gilbert and Sullivan invented. The time frame, though, seems little more than an excuse for a smart black-and-white production design."
207,The Most Dangerous Game,"When legendary hunter Bob Rainsford is shipwrecked on the perilous reefs surrounding a mysterious island, he finds himself the guest of the reclusive and eccentric Count Zaroff. While he is very gracious at first, Zaroff eventually forces Rainsford and two other shipwreck survivors, brother and sister Eve and Martin Towbridge, to participate in a sadistic game of cat and mouse in which they are the prey and he is the hunter."
208,The Mourning Forest,"A caregiver at a small retirement home takes one of her patients for a drive to the country, but the two wind up stranded in a forest where they embark on an exhausting and enlightening two-day journey."
209,The Mystery of Chess Boxing,Lee Yi Min stars as an eager young kung fu student who seeks to improve his fighting skills with an aim to avenge his fathers murder at the hands of the Ghost Face Killer an overwhelming force of destruction and master of the death dealing Five Element Fist. Lee eagerness to study attracts the attention of the master of Chess Boxing Jack Long who is the Ghost Face Killers arch enemy. Together master and student devise a wicked cross fertilization of the Chess Boxing and Five Element Fist styles and set out to put an end to the Ghost Faces deadly reign.
210,The Night Child,"The titular medallion is a gift presented to young Nicole Elmi. Once the girl places the gift around her neck, she is possessed by the spirit of a dead child who was a murderess."
211,The Nomi Song,"Looks like an alien, sings like a diva - Klaus Nomi was one of the 1980s' most profoundly bizarre characters to emerge through rock music: a counter tenor who sang pop music like opera and brought opera to club audiences and made them like it. The Nomi Song is a film about fame, death, friendship, betrayal, opera, and the greatest New Wave rock star that never was!"
212,The Orphanage,"A woman brings her family back to her childhood home, which used to be an orphanage, intent on reopening it. Before long, her son starts to communicate with a new invisible friend."
213,The Out-of-Towners,"The remake of the 1970 Neil Simon comedy follows the adventures of a couple, Henry and Nancy Clark, vexed by misfortune while in New York City for a job interview."
214,The Pawnshop,"Chaplin plays an assistant in a pawnshop run by Bergman. He engages in a slapstick battles with his fellow pawnshop assistant, deals with eccentric customers, and flirts with the pawnbroker's daughter. One customer, posing as a jewelry buyer, pulls a gun and tries to rob the place. Chaplin disarms him."
215,The Perfect Storm,"In October 1991, a confluence of weather conditions combined to form a killer storm in the North Atlantic. Caught in the storm was the sword-fishing boat Andrea Gail. Magnificent foreshadowing and anticipation fill this true-life drama while minute details of the fishing boats, their gear and the weather are juxtaposed with the sea adventure."
216,The Prestige,"A mysterious story of two magicians whose intense rivalry leads them on a life-long battle for supremacy -- full of obsession, deceit and jealousy with dangerous and deadly consequences."
217,The Projected Man,Matter-transmitter sabotage leaves a British scientist (Bryant Halliday) disfigured and full of amps.
218,The Rapture,"A lonely telephone operator leading an empty, amoral life finds God — only to have her faith continually tested in ways beyond what she could ever have imagined."
219,The Redeemer: Son of Satan!,"Six people are trapped within the confines of their old high school during their 10th high school reunion with a psychotic, masked preacher who kills them off for their sinful lives they have made for themselves."
220,The Remains of the Day,A rule bound head butler's world of manners and decorum in the household he maintains is tested by the arrival of a housekeeper who falls in love with him in post-WWI Britain. The possibility of romance and his master's cultivation of ties with the Nazi cause challenge his carefully maintained veneer of servitude.
221,The Sicilian Clan,"Roger Santet is a convicted murderer sprung from prison by the Sicilian clan headed by the aging Vittorio Manalese. They conspire to steal a large cache of jewels from an exhibit in Rome. As they are preparing for the heist, the mobster's American friend Tony Nicosia suggests that a better way to get the rocks would be to hijack the transport plane while it is en route to New York. The dogged inspector Le Goff is using all the available resources to thwart their plans. Though the heist itself is successful, Santet finds himself trapped by the mob because of his fling with Manalese's daughter-in-law"
222,The Time Machine,A Victorian Englishman travels to the far future and finds that humanity has divided into two hostile species.
223,The Vexxer,Scotland Yard investigators have to prevent the murder of Victoria Dickman when her name is found on a death list.
224,The Village,"When a willful young man tries to venture beyond his sequestered Pennsylvania hamlet, his actions set off a chain of chilling incidents that will alter the community forever."
225,The War of the Roses,"The Roses, Barbara and Oliver, live happily as a married couple. Then she starts to wonder what life would be like without Oliver, and likes what she sees. Both want to stay in the house, and so they begin a campaign to force each other to leave. In the middle of the fighting is D'Amato, the divorce lawyer. He gets to see how far both will go to get rid of the other, and boy do they go far."
226,The Way of the Gun,"Parker and Longbaugh are a pair of low-level petty criminals, living off the grid and funding their existence through unconventional and often illegal means. Wanting to move past petty crime, they vow to get the proverbial ""big score."
227,The Wedding Planner,"Mary Fiore, San Francisco's premiere wedding planner is rescued from an accident by the man of her dreams, pediatrician Steve Edison, only to find he is the fiancé of her latest client, wealthy Fran Donnolly. As Mary continues making the wedding arrangements, she and Steve are put into a string of uncomfortable situations that force them to face their mutual attraction."
228,The White Sound,"Lukas, a young schizophrenic man, has to deal with a new town, a new relationship, and the paranoia in his head."
229,The Woman with the 5 Elephants,"Documentary about Svetlana Geier, a Ukranian who has translated the great works of Dostoyevsky into German. First her father ends up in one of Stalin's prison camps, then young Svetlana herself experiences the German invasion. In order to survive she learns German at home in Kiev. She is good and gets work as a translator before ending up in a German camp in 1943. Now, 65 years later, she is a renowned translator who in her twilight years has translated the great works of Dostoevsky. For the first time in all these years, she returns to Kiev together with her granddaughter."
230,The Wrong Trousers,"Gromit finds himself being pushed out of his room and home by a new lodger who is actually a ruthless criminal (and a small penguin). The penguin is planning a robbery and needs to use Wallace and his mechanical remote controlled trousers to pull off the raid. However, Gromit is wise to the penguin and comes to the rescue."
231,The Yes Men,"A comic, biting and revelatory documentary following a small group of prankster activists as they gain worldwide notoriety for impersonating the World Trade Organization (WTO) on television and at business conferences around the world."
232,This Is 40,"Pete and Debbie are both about to turn 40, their kids hate each other, both of their businesses are failing, they're on the verge of losing their house, and their relationship is threatening to fall apart."
233,Three-Step Dance,Four separate-but-interconnected stories - one for each season - about life in Sardinia.
234,To Be or Not to Be,"During the Nazi occupation of Poland, an acting troupe becomes embroiled in a Polish soldier's efforts to track down a German spy."
235,To Catch a Thief,A delightful Hitchcock film about an ex-burglar who must catch a thief who’s been copying this style before he gets accused of the wrong crimes. His time is running out as the police are close behind him yet he finds time for a little romance of course. A classic masterpiece starring Grace Kelly and Cary Grant.
236,Top of the Food Chain,"An isolated Canadian town (populated by the weirdest group of people this side of Saturn) has seen its share of problems. First the nut factory closed, then the CATV antenna stopped broadcasting, and now something is gruesomely devouring the townsfolk! Can visiting atomic scientist (and expert on ""cool fusion"") Dr. Karel Lamonte solve the mystery before everyone disappears?"
237,Torrente 2: Mission in Marbella,For this second film in the cult comedy series Torrente takes our fat police officer from Madrid to Marbella in Spain to investigate a villain’s plot to destroy the city with a missile. This James Bond style slapstick comedy became the most successful box-office film in Spanish film history beating out only the first Torrente film.
238,"Torrente, the Dumb Arm of the Law","Torrente, The Stupid Arm of The Law by Santiago Segura stars Javier Cámara as a corrupt, poor, delusional, sexist, egocentric, drunk and right-winged Madrid cop named Torrente. This over the top comedy shows Torrente on his search for heroin drug dealers and the outrageous characters he passes on his way. A cult film and one of the funniest Spanish films was the most successful box-office film."
239,True Romance,"Clarence marries hooker Alabama, steals cocaine from her pimp, and tries to sell it in Hollywood, while the owners of the coke try to reclaim it."
240,Tuya's Marriage,"Set in Inner Mongolia, a physical setback causes a young woman to choose a suitor who can take care of her, as well as her disabled husband."
241,Underworld,"A crook sets out to get revenge on the thugs who hurt his father in this bloody noir-style crime drama. After being released from prison, Johnny Crown (Denis Leary) goes after Frank (Joe Mantegna), one of the mobsters involved in a series of Father's Day killings. But Johnny isn't certain Frank is responsible for his father's injuries and seeks help from a sex therapist (Annabella Sciorra) to make sure he's got the right man."
242,Van Gogh,"In late spring, 1890, Vincent moves to Auvers-sur-Oise, near Paris, under the care of Dr. Gachet, living in a humble inn. Fewer than 70 days later, Vincent dies from a self-inflicted gunshot wound. We see Vincent at work, painting landscapes and portraits. His brother Theo, wife Johanna, and their baby visit Auvers. Vincent is playful and charming, engaging the attentions of Gachet's daughter Marguerite (who's half Vincent's age), a young maid at the inn, Cathy a Parisian prostitute, and Johanna. Shortly before his death, Vincent visits Paris, quarrels with Theo, disparages his own art and accomplishments, dances at a brothel, and is warm then cold toward Marguerite."
243,Videodrome,A sleazy cable-TV programmer begins to see his life and the future of media spin out of control in a very unusual fashion when he acquires a new kind of programming for his station.
244,Voyage to the Bottom of the Sea,The crew of an atomic submarine battle to save the world from global destruction.
245,Walk the Line,"A chronicle of country music legend Johnny Cash's life, from his early days on an Arkansas cotton farm to his rise to fame with Sun Records in Memphis, where he recorded alongside Elvis Presley, Jerry Lee Lewis and Carl Perkins."
246,We're No Angels,Two escaped cons only prayer to escape is to pass themselves off as priests and pass by the police blockade at the border into the safety of Canada.
247,Wedlock,A male prison escapee heads for his hidden loot electronically attached to a female prisoner.
248,What's Eating Gilbert Grape,"Gilbert has to care for his brother Arnie and his obese mother, which gets in the way when love walks into his life."
249,What's New Pussycat?,A playboy who refuses to give up his hedonistic lifestyle to settle down and marry his true love seeks help from a demented psychoanalyst who is having romantic problems of his own.
250,While You Were Sleeping,"A love story built on a misunderstanding. A transit worker pulls commuter Peter off the tracks after he's mugged. But while he's in a coma, his family mistakenly thinks she's Peter's fiancée, and she doesn't correct them. Things get more complicated when she falls for his brother, who's not quite sure that she's who she claims to be."
251,Willy Wonka & the Chocolate Factory,Eccentric candy man Willy Wonka prompts a worldwide frenzy when he announces that golden tickets hidden inside five of his delicious candy bars will admit their lucky holders into his top-secret confectionary. But does Wonka have an agenda hidden amid a world of Oompa Loompas and chocolate rivers?
252,Wish You Were Here,"In a staid English seaside town after the Second World War, young Lynda grows up with her widowed father and younger sister. Rebellious Lynda has been swearing constantly from an early age. At sixteen, she becomes more exhibitionist and seeks out sexual encounters challenging the prevailing lower-middle class attitudes to sex. She eventually becomes pregnant by an acquaintance of her father."
253,Within the Woods,The low budget film starring the young Bruce Campbell that influenced the Evil Dead films.
254,Yankee Doodle Dandy,"A film of the life of the renowned musical composer, playwright, actor, dancer and singer George M. Cohan."
255,Young Adam,A young drifter working on a river barge disrupts his employers' lives while hiding the fact that he knows more about a dead woman found in the river than he admits.
256,Young Frankenstein,"A young neurosurgeon inherits the castle of his grandfather, the famous Dr. Victor von Frankenstein. In the castle he finds a funny hunchback, a pretty lab assistant and the elderly housekeeper. Young Frankenstein believes that the work of his grandfather was delusional, but when he discovers the book where the mad doctor described his reanimation experiment, he suddenly changes his mind."
257,Zatoichi,"Zatôichi is a 19th century blind nomad who makes his living as a gambler and masseur. However, behind this humble facade, he is a master swordsman gifted with a lightning-fast draw and breathtaking precision. While wandering, Zatôichi discovers a remote mountain village at the mercy of Ginzo, a ruthless gang-leader. Ginzo disposes of anyone who gets in his way, especially after hiring the mighty samurai ronin, Hattori, as a bodyguard. After a raucous night of gambling in town, Zatôichi encounters a pair of geishas--as dangerous as they are beautiful--who've come to avenge their parents' murder. As the paths of these and other colorful characters intertwine, Ginzo's henchmen are soon after Zatôichi. With his legendary cane sword at his side, the stage is set for a riveting showdown."
258,xXx,"Xander Cage is your standard adrenaline junkie with no fear and a lousy attitude. When the US Government ""recruits"" him to go on a mission, he's not exactly thrilled. His mission: to gather information on an organization that may just be planning the destruction of the world, led by the nihilistic Yorgi."
